{
  "eslint.config.js": 1773979098.8470373,
  "vite.config.js": 1773979329.4303434,
  "src\\App.jsx": 1775273843.0135994,
  "src\\main.jsx": 1770364297.0850003,
  "src\\components\\ClickSparkle.jsx": 1773979070.2161343,
  "src\\components\\Hero.jsx": 1775273843.0155966,
  "src\\components\\MinecraftSkinViewer.jsx": 1770834028.9348998,
  "src\\components\\NeuralBackground.jsx": 1771351174.4774897,
  "src\\components\\ResumeViewer.jsx": 1773979110.266368,
  "src\\components\\hero\\AnimatedName.jsx": 1773979080.7354405,
  "src\\components\\hero\\CodeCard.jsx": 1772681553.622334,
  "src\\components\\hero\\ContentTabs.jsx": 1775273843.0165951,
  "src\\components\\hero\\CurrentTime.jsx": 1769523133.7050383,
  "src\\components\\hero\\HelpModal.jsx": 1773982452.0344617,
  "src\\components\\hero\\MoviesModal.jsx": 1770364297.0789902,
  "src\\components\\hero\\ProfileSection.jsx": 1772305279.7736063,
  "src\\components\\hero\\SocialLinks.jsx": 1772305279.7756002,
  "src\\components\\tissue\\clothPhysics.js": 1773021506.1910677,
  "src\\components\\tissue\\TissueOverlay.jsx": 1775273843.0185988,
  "src\\components\\tissue\\TissuePaper.jsx": 1773979176.5720007,
  "src\\data\\portfolioData.js": 1773931952.2925014,
  "src\\utils\\domCapture.js": 1772984926.8971531,
  "README.md": 1771770911.488454,
  "public\\Prasad_Gade_Resume.pdf": 1772621258.253616,
  "public\\favicon.svg": 1765274153.6629279,
  "public\\minecraft-skin.png": 1635651529.0,
  "public\\profile.jpg": 1773931723.4961102,
  "src\\assets\\react.svg": 1770364297.0739925
}